FlightId;OriginDestination;CustomClusterName;IsNew;Capacity;FlightCosts
10.04.2023EW8590;BER-PMI;Balearic Islands;;180;10080
06.04.2023EW8590;BER-PMI;Balearic Islands;;180;9504
07.04.2023EW6893;BER-PMI;Balearic Islands;;180;9984
11.04.2023EW8590;BER-PMI;Balearic Islands;;180;9696
08.04.2023EW8592;BER-PMI;Balearic Islands;;180;10080
09.04.2023EW8590;BER-PMI;Balearic Islands;;180;9696
10.04.2023EW8592;BER-PMI;Balearic Islands;;180;9696
12.04.2023EW6893;BER-PMI;Balearic Islands;;180;9504
07.04.2023EW8590;BER-PMI;Balearic Islands;;180;9408
08.04.2023EW8594;BER-PMI;Balearic Islands;;180;10080
08.04.2023EW8590;BER-PMI;Balearic Islands;;180;9888
09.04.2023EW6893;BER-PMI;Balearic Islands;;180;9216
10.04.2023EW6893;BER-PMI;Balearic Islands;;180;9984
07.04.2023EW8592;BER-PMI;Balearic Islands;;180;9600
11.04.2023EW6893;BER-PMI;Balearic Islands;;180;10080
09.04.2023EW8592;BER-PMI;Balearic Islands;;180;9792
19.04.2019EW546;CGN-IBZ;Balearic Islands;;172;9216
20.04.2019EW544;CGN-IBZ;Balearic Islands;;172;9600
21.04.2019EW546;CGN-IBZ;Balearic Islands;;172;9600
21.04.2019EW594;CGN-MAH;Balearic Islands;;172;9600
08.04.2023EW590;CGN-PMI;Balearic Islands;;180;10080
08.04.2023EW586;CGN-PMI;Balearic Islands;;180;9696
09.04.2023EW586;CGN-PMI;Balearic Islands;;180;9984
11.04.2023EW6899;CGN-PMI;Balearic Islands;;180;9312
06.04.2023EW582;CGN-PMI;Balearic Islands;;180;9984
07.04.2023EW588;CGN-PMI;Balearic Islands;;180;10080
06.04.2023EW6899;CGN-PMI;Balearic Islands;;180;9600
10.04.2023EW580;CGN-PMI;Balearic Islands;;180;9504
12.04.2023EW580;CGN-PMI;Balearic Islands;;180;9312
06.04.2023EW596;CGN-PMI;Balearic Islands;;180;9696
09.04.2023EW598;CGN-PMI;Balearic Islands;;180;10080
07.04.2023EW586;CGN-PMI;Balearic Islands;;180;9504
11.04.2023EW598;CGN-PMI;Balearic Islands;;180;9120
10.04.2023EW592;CGN-PMI;Balearic Islands;;180;9216
07.04.2023EW580;CGN-PMI;Balearic Islands;;180;9312
08.04.2023EW580;CGN-PMI;Balearic Islands;;180;9312
06.04.2023EW592;CGN-PMI;Balearic Islands;;180;10080
08.04.2023EW584;CGN-PMI;Balearic Islands;;180;9984
12.04.2023EW592;CGN-PMI;Balearic Islands;;180;9120
07.04.2023EW590;CGN-PMI;Balearic Islands;;180;9600
10.04.2023EW598;CGN-PMI;Balearic Islands;;180;9792
12.04.2023EW584;CGN-PMI;Balearic Islands;;180;9984
10.04.2023EW582;CGN-PMI;Balearic Islands;;180;9312
09.04.2023EW584;CGN-PMI;Balearic Islands;;180;9216
11.04.2023EW584;CGN-PMI;Balearic Islands;;180;9312
08.04.2023EW592;CGN-PMI;Balearic Islands;;180;9792
07.04.2023EW582;CGN-PMI;Balearic Islands;;180;9984
08.04.2023EW596;CGN-PMI;Balearic Islands;;180;9504
09.04.2023EW578;CGN-PMI;Balearic Islands;;180;9984
06.04.2023EW586;CGN-PMI;Balearic Islands;;180;9312
09.04.2023EW582;CGN-PMI;Balearic Islands;;180;9408
10.04.2023EW588;CGN-PMI;Balearic Islands;;180;9696
12.04.2023EW582;CGN-PMI;Balearic Islands;;180;9312
07.04.2023EW592;CGN-PMI;Balearic Islands;;180;9600
09.04.2023EW592;CGN-PMI;Balearic Islands;;180;9312
07.04.2023EW584;CGN-PMI;Balearic Islands;;180;9120
09.04.2023EW580;CGN-PMI;Balearic Islands;;180;9888
11.04.2023EW592;CGN-PMI;Balearic Islands;;180;9312
12.04.2023EW6899;CGN-PMI;Balearic Islands;;180;10080
10.04.2023EW584;CGN-PMI;Balearic Islands;;180;9120
11.04.2023EW580;CGN-PMI;Balearic Islands;;180;9888
08.04.2023EW588;CGN-PMI;Balearic Islands;;180;10080
18.04.2019EW588;CGN-PMI;Balearic Islands;;180;9120
18.04.2019EW598;CGN-PMI;Balearic Islands;;180;9792
20.04.2019EW592;CGN-PMI;Balearic Islands;;180;9216
20.04.2019EW584;CGN-PMI;Balearic Islands;;180;9600
22.04.2019EW592;CGN-PMI;Balearic Islands;;180;10080
22.04.2019EW584;CGN-PMI;Balearic Islands;;180;9504
18.04.2019EW590;CGN-PMI;Balearic Islands;;180;9120
19.04.2019EW580;CGN-PMI;Balearic Islands;;180;9888
21.04.2019EW592;CGN-PMI;Balearic Islands;;180;9696
23.04.2019EW592;CGN-PMI;Balearic Islands;;180;9792
19.04.2019EW582;CGN-PMI;Balearic Islands;;180;9120
22.04.2019EW588;CGN-PMI;Balearic Islands;;180;9120
24.04.2019EW580;CGN-PMI;Balearic Islands;;180;9312
19.04.2019EW592;CGN-PMI;Balearic Islands;;180;9984
24.04.2019EW584;CGN-PMI;Balearic Islands;;180;10080
24.04.2019EW588;CGN-PMI;Balearic Islands;;180;9888
19.04.2019EW588;CGN-PMI;Balearic Islands;;180;9792
21.04.2019EW584;CGN-PMI;Balearic Islands;;180;9312
20.04.2019EW588;CGN-PMI;Balearic Islands;;180;9792
20.04.2019EW580;CGN-PMI;Balearic Islands;;180;9600
22.04.2019EW598;CGN-PMI;Balearic Islands;;180;9984
19.04.2019EW584;CGN-PMI;Balearic Islands;;180;9504
24.04.2019EW592;CGN-PMI;Balearic Islands;;180;9792
18.04.2019EW584;CGN-PMI;Balearic Islands;;180;9408
23.04.2019EW584;CGN-PMI;Balearic Islands;;180;9408
21.04.2019EW588;CGN-PMI;Balearic Islands;;180;10080
24.04.2019EW582;CGN-PMI;Balearic Islands;;180;9312
23.04.2019EW580;CGN-PMI;Balearic Islands;;180;9984
22.04.2019EW580;CGN-PMI;Balearic Islands;;180;9600
09.04.2023EW9500;DUS-IBZ;Balearic Islands;;172;9504
08.04.2023EW9500;DUS-IBZ;Balearic Islands;;172;9504
07.04.2023EW9500;DUS-IBZ;Balearic Islands;;172;9984
12.04.2023EW9550;DUS-IBZ;Balearic Islands;;172;9600
09.04.2023EW9502;DUS-IBZ;Balearic Islands;;172;9216
06.04.2023EW9500;DUS-IBZ;Balearic Islands;;172;9888
20.04.2019EW9540;DUS-IBZ;Balearic Islands;;172;9888
21.04.2019EW9540;DUS-IBZ;Balearic Islands;;172;9600
19.04.2019EW9540;DUS-IBZ;Balearic Islands;;172;9504
18.04.2019EW9540;DUS-IBZ;Balearic Islands;;172;9312
12.04.2023EW9574;DUS-PMI;Balearic Islands;;180;9888
12.04.2023EW9580;DUS-PMI;Balearic Islands;;180;9888
08.04.2023EW9588;DUS-PMI;Balearic Islands;;180;9312
06.04.2023EW9578;DUS-PMI;Balearic Islands;;180;9504
07.04.2023EW9574;DUS-PMI;Balearic Islands;;180;9504
10.04.2023EW9594;DUS-PMI;Balearic Islands;;180;9696
12.04.2023EW9592;DUS-PMI;Balearic Islands;;180;9696
07.04.2023EW9594;DUS-PMI;Balearic Islands;;180;10080
07.04.2023EW9578;DUS-PMI;Balearic Islands;;180;9696
10.04.2023EW9588;DUS-PMI;Balearic Islands;;180;9600
06.04.2023EW9574;DUS-PMI;Balearic Islands;;180;9312
06.04.2023EW9590;DUS-PMI;Balearic Islands;;180;9312
12.04.2023EW9594;DUS-PMI;Balearic Islands;;180;9600
10.04.2023EW9576;DUS-PMI;Balearic Islands;;180;9312
09.04.2023EW9592;DUS-PMI;Balearic Islands;;180;9600
11.04.2023EW9574;DUS-PMI;Balearic Islands;;180;9408
08.04.2023EW9594;DUS-PMI;Balearic Islands;;180;9696
06.04.2023EW9592;DUS-PMI;Balearic Islands;;180;9696
06.04.2023EW9584;DUS-PMI;Balearic Islands;;180;9312
08.04.2023EW9586;DUS-PMI;Balearic Islands;;180;9792
08.04.2023EW9574;DUS-PMI;Balearic Islands;;180;9984
06.04.2023EW9594;DUS-PMI;Balearic Islands;;180;9216
07.04.2023EW9588;DUS-PMI;Balearic Islands;;180;9600
07.04.2023EW9584;DUS-PMI;Balearic Islands;;180;9408
10.04.2023EW9580;DUS-PMI;Balearic Islands;;180;9984
11.04.2023EW9588;DUS-PMI;Balearic Islands;;180;9504
07.04.2023EW9586;DUS-PMI;Balearic Islands;;180;9984
12.04.2023EW9578;DUS-PMI;Balearic Islands;;180;9696
06.04.2023EW9580;DUS-PMI;Balearic Islands;;180;9216
06.04.2023EW9586;DUS-PMI;Balearic Islands;;180;9120
09.04.2023EW9594;DUS-PMI;Balearic Islands;;180;9408
09.04.2023EW9578;DUS-PMI;Balearic Islands;;180;9216
10.04.2023EW9578;DUS-PMI;Balearic Islands;;180;10080
09.04.2023EW9574;DUS-PMI;Balearic Islands;;180;9408
08.04.2023EW9592;DUS-PMI;Balearic Islands;;180;9984
08.04.2023EW9582;DUS-PMI;Balearic Islands;;180;10080
12.04.2023EW9584;DUS-PMI;Balearic Islands;;180;9408
08.04.2023EW9580;DUS-PMI;Balearic Islands;;180;9312
10.04.2023EW9590;DUS-PMI;Balearic Islands;;180;9600
09.04.2023EW9596;DUS-PMI;Balearic Islands;;180;9600
10.04.2023EW9592;DUS-PMI;Balearic Islands;;180;9120
09.04.2023EW9584;DUS-PMI;Balearic Islands;;180;9120
07.04.2023EW9580;DUS-PMI;Balearic Islands;;180;9792
11.04.2023EW9584;DUS-PMI;Balearic Islands;;180;9312
08.04.2023EW9576;DUS-PMI;Balearic Islands;;180;9696
10.04.2023EW6895;DUS-PMI;Balearic Islands;;180;9600
09.04.2023EW9588;DUS-PMI;Balearic Islands;;180;9312
11.04.2023EW9580;DUS-PMI;Balearic Islands;;180;9216
09.04.2023EW9590;DUS-PMI;Balearic Islands;;180;9792
09.04.2023EW9586;DUS-PMI;Balearic Islands;;180;9888
11.04.2023EW9586;DUS-PMI;Balearic Islands;;180;9216
11.04.2023EW9594;DUS-PMI;Balearic Islands;;180;9120
08.04.2023EW9584;DUS-PMI;Balearic Islands;;180;9504
12.04.2023EW9588;DUS-PMI;Balearic Islands;;180;9600
10.04.2023EW9584;DUS-PMI;Balearic Islands;;180;10080
09.04.2023EW9580;DUS-PMI;Balearic Islands;;180;9600
11.04.2023EW9590;DUS-PMI;Balearic Islands;;180;9408
09.04.2023EW9582;DUS-PMI;Balearic Islands;;180;9120
07.04.2023EW9590;DUS-PMI;Balearic Islands;;180;9504
11.04.2023EW9582;DUS-PMI;Balearic Islands;;180;9600
12.04.2023EW9586;DUS-PMI;Balearic Islands;;180;9120
10.04.2023EW9574;DUS-PMI;Balearic Islands;;180;9120
24.04.2019EW9586;DUS-PMI;Balearic Islands;;180;9888
20.04.2019EW9582;DUS-PMI;Balearic Islands;;180;9696
19.04.2019EW9574;DUS-PMI;Balearic Islands;;180;9984
23.04.2019EW9580;DUS-PMI;Balearic Islands;;180;9504
24.04.2019EW9584;DUS-PMI;Balearic Islands;;180;9984
23.04.2019EW9584;DUS-PMI;Balearic Islands;;180;9216
20.04.2019EW9574;DUS-PMI;Balearic Islands;;180;9696
24.04.2019EW9574;DUS-PMI;Balearic Islands;;180;9792
22.04.2019EW9574;DUS-PMI;Balearic Islands;;180;9888
24.04.2019EW9588;DUS-PMI;Balearic Islands;;180;9696
19.04.2019EW9580;DUS-PMI;Balearic Islands;;180;9216
20.04.2019EW9592;DUS-PMI;Balearic Islands;;180;9312
20.04.2019EW9584;DUS-PMI;Balearic Islands;;180;9600
19.04.2019EW9584;DUS-PMI;Balearic Islands;;180;9600
23.04.2019EW9574;DUS-PMI;Balearic Islands;;180;9408
21.04.2019EW9580;DUS-PMI;Balearic Islands;;180;10080
18.04.2019EW9584;DUS-PMI;Balearic Islands;;180;9216
19.04.2019EW9586;DUS-PMI;Balearic Islands;;180;9984
22.04.2019EW6841;DUS-PMI;Balearic Islands;;180;9312
21.04.2019EW9584;DUS-PMI;Balearic Islands;;180;9216
22.04.2019EW9584;DUS-PMI;Balearic Islands;;180;9792
18.04.2019EW9586;DUS-PMI;Balearic Islands;;180;9600
20.04.2019EW9586;DUS-PMI;Balearic Islands;;180;10080
18.04.2019EW9574;DUS-PMI;Balearic Islands;;180;9600
24.04.2019EW9580;DUS-PMI;Balearic Islands;;180;10080
18.04.2019EW9588;DUS-PMI;Balearic Islands;;180;9696
21.04.2019EW9592;DUS-PMI;Balearic Islands;;180;9888
19.04.2019EW9588;DUS-PMI;Balearic Islands;;180;9888
21.04.2019EW9588;DUS-PMI;Balearic Islands;;180;9216
23.04.2019EW9586;DUS-PMI;Balearic Islands;;180;9120
21.04.2019EW9574;DUS-PMI;Balearic Islands;;180;9888
22.04.2019EW9586;DUS-PMI;Balearic Islands;;180;9504
22.04.2019EW9592;DUS-PMI;Balearic Islands;;180;9504
22.04.2019EW9580;DUS-PMI;Balearic Islands;;180;9408
18.04.2019EW9580;DUS-PMI;Balearic Islands;;180;10080
21.04.2019EW9582;DUS-PMI;Balearic Islands;;180;9120
21.04.2019EW9586;DUS-PMI;Balearic Islands;;180;9984
12.04.2023EW7514;HAM-IBZ;Balearic Islands;;172;7600
09.04.2023EW7514;HAM-IBZ;Balearic Islands;;172;7920
07.04.2023EW7514;HAM-IBZ;Balearic Islands;;172;8160
11.04.2023EW7514;HAM-IBZ;Balearic Islands;;172;8320
08.04.2023EW7580;HAM-PMI;Balearic Islands;;180;9984
06.04.2023EW7580;HAM-PMI;Balearic Islands;;180;9792
06.04.2023EW7588;HAM-PMI;Balearic Islands;;180;10080
06.04.2023EW7590;HAM-PMI;Balearic Islands;;180;9792
07.04.2023EW7582;HAM-PMI;Balearic Islands;;180;9984
06.04.2023EW7592;HAM-PMI;Balearic Islands;;180;9504
10.04.2023EW7590;HAM-PMI;Balearic Islands;;180;9312
07.04.2023EW7584;HAM-PMI;Balearic Islands;;180;10080
10.04.2023EW7580;HAM-PMI;Balearic Islands;;180;9888
06.04.2023EW7586;HAM-PMI;Balearic Islands;;180;9504
11.04.2023EW7586;HAM-PMI;Balearic Islands;;180;9792
12.04.2023EW7588;HAM-PMI;Balearic Islands;;180;9312
09.04.2023EW7580;HAM-PMI;Balearic Islands;;180;9888
10.04.2023EW7582;HAM-PMI;Balearic Islands;;180;9120
11.04.2023EW7590;HAM-PMI;Balearic Islands;;180;9888
12.04.2023EW7582;HAM-PMI;Balearic Islands;;180;9792
10.04.2023EW7588;HAM-PMI;Balearic Islands;;180;9984
09.04.2023EW7590;HAM-PMI;Balearic Islands;;180;9312
07.04.2023EW7590;HAM-PMI;Balearic Islands;;180;9216
11.04.2023EW7588;HAM-PMI;Balearic Islands;;180;10080
07.04.2023EW7580;HAM-PMI;Balearic Islands;;180;9984
10.04.2023EW7586;HAM-PMI;Balearic Islands;;180;9216
07.04.2023EW7586;HAM-PMI;Balearic Islands;;180;9696
08.04.2023EW7592;HAM-PMI;Balearic Islands;;180;9696
08.04.2023EW7586;HAM-PMI;Balearic Islands;;180;10080
07.04.2023EW7592;HAM-PMI;Balearic Islands;;180;10080
11.04.2023EW7584;HAM-PMI;Balearic Islands;;180;9504
08.04.2023EW7588;HAM-PMI;Balearic Islands;;180;10080
12.04.2023EW7590;HAM-PMI;Balearic Islands;;180;9888
10.04.2023EW7592;HAM-PMI;Balearic Islands;;180;9984
12.04.2023EW7580;HAM-PMI;Balearic Islands;;180;9312
09.04.2023EW7592;HAM-PMI;Balearic Islands;;180;9408
08.04.2023EW7590;HAM-PMI;Balearic Islands;;180;9312
08.04.2023EW7584;HAM-PMI;Balearic Islands;;180;9600
09.04.2023EW7586;HAM-PMI;Balearic Islands;;180;9696
12.04.2023EW7586;HAM-PMI;Balearic Islands;;180;9312
09.04.2023EW7588;HAM-PMI;Balearic Islands;;180;9504
19.04.2019EW7580;HAM-PMI;Balearic Islands;;180;9504
23.04.2019EW7594;HAM-PMI;Balearic Islands;;180;9984
24.04.2019EW7590;HAM-PMI;Balearic Islands;;180;9216
21.04.2019EW7586;HAM-PMI;Balearic Islands;;180;9216
24.04.2019EW7586;HAM-PMI;Balearic Islands;;180;9216
18.04.2019EW7586;HAM-PMI;Balearic Islands;;180;9984
23.04.2019EW7586;HAM-PMI;Balearic Islands;;180;10080
23.04.2019EW7588;HAM-PMI;Balearic Islands;;180;9312
20.04.2019EW7584;HAM-PMI;Balearic Islands;;180;9792
23.04.2019EW7590;HAM-PMI;Balearic Islands;;180;9792
22.04.2019EW7580;HAM-PMI;Balearic Islands;;180;9504
21.04.2019EW7588;HAM-PMI;Balearic Islands;;180;9504
22.04.2019EW7586;HAM-PMI;Balearic Islands;;180;9792
24.04.2019EW7582;HAM-PMI;Balearic Islands;;180;9888
22.04.2019EW7590;HAM-PMI;Balearic Islands;;180;9120
18.04.2019EW7590;HAM-PMI;Balearic Islands;;180;9888
19.04.2019EW7582;HAM-PMI;Balearic Islands;;180;9792
18.04.2019EW7582;HAM-PMI;Balearic Islands;;180;9120
20.04.2019EW7580;HAM-PMI;Balearic Islands;;180;9984
19.04.2019EW7586;HAM-PMI;Balearic Islands;;180;9600
24.04.2019EW7588;HAM-PMI;Balearic Islands;;180;9312
21.04.2019EW7580;HAM-PMI;Balearic Islands;;180;9696
21.04.2019EW7582;HAM-PMI;Balearic Islands;;180;9504
22.04.2019EW7582;HAM-PMI;Balearic Islands;;180;9600
19.04.2019EW7590;HAM-PMI;Balearic Islands;;180;9408
19.04.2019EW547;IBZ-CGN;Balearic Islands;;172;7840
20.04.2019EW545;IBZ-CGN;Balearic Islands;;172;8320
21.04.2019EW547;IBZ-CGN;Balearic Islands;;172;8240
12.04.2023EW9551;IBZ-DUS;Balearic Islands;;172;8320
08.04.2023EW9501;IBZ-DUS;Balearic Islands;;172;8080
07.04.2023EW9501;IBZ-DUS;Balearic Islands;;172;8400
09.04.2023EW9501;IBZ-DUS;Balearic Islands;;172;8000
09.04.2023EW9503;IBZ-DUS;Balearic Islands;;172;8320
06.04.2023EW9501;IBZ-DUS;Balearic Islands;;172;7920
19.04.2019EW9541;IBZ-DUS;Balearic Islands;;172;7600
20.04.2019EW9541;IBZ-DUS;Balearic Islands;;172;8080
21.04.2019EW9541;IBZ-DUS;Balearic Islands;;172;8160
18.04.2019EW9541;IBZ-DUS;Balearic Islands;;172;7760
12.04.2023EW7515;IBZ-HAM;Balearic Islands;;172;8080
09.04.2023EW7515;IBZ-HAM;Balearic Islands;;172;7760
07.04.2023EW7515;IBZ-HAM;Balearic Islands;;172;8320
11.04.2023EW7515;IBZ-HAM;Balearic Islands;;172;8080
10.04.2023EW2595;IBZ-STR;Balearic Islands;;172;7600
08.04.2023EW2545;IBZ-STR;Balearic Islands;;172;7600
06.04.2023EW2545;IBZ-STR;Balearic Islands;;172;8000
07.04.2023EW2595;IBZ-STR;Balearic Islands;;172;7920
12.04.2023EW2595;IBZ-STR;Balearic Islands;;172;8400
21.04.2019EW2595;IBZ-STR;Balearic Islands;;172;7840
24.04.2019EW2595;IBZ-STR;Balearic Islands;;172;7840
19.04.2019EW2595;IBZ-STR;Balearic Islands;;172;8400
21.04.2019EW595;MAH-CGN;Balearic Islands;;172;8000
11.04.2023EW8591;PMI-BER;Balearic Islands;;180;9984
06.04.2023EW8591;PMI-BER;Balearic Islands;;180;9984
08.04.2023EW8591;PMI-BER;Balearic Islands;;180;9408
09.04.2023EW6892;PMI-BER;Balearic Islands;;180;9696
10.04.2023EW6890;PMI-BER;Balearic Islands;;180;9504
07.04.2023EW8591;PMI-BER;Balearic Islands;;180;9120
12.04.2023EW6892;PMI-BER;Balearic Islands;;180;9600
10.04.2023EW8591;PMI-BER;Balearic Islands;;180;9792
10.04.2023EW8593;PMI-BER;Balearic Islands;;180;9216
08.04.2023EW8595;PMI-BER;Balearic Islands;;180;10080
08.04.2023EW8593;PMI-BER;Balearic Islands;;180;9888
09.04.2023EW8591;PMI-BER;Balearic Islands;;180;9696
07.04.2023EW6892;PMI-BER;Balearic Islands;;180;9408
11.04.2023EW6892;PMI-BER;Balearic Islands;;180;9408
09.04.2023EW8593;PMI-BER;Balearic Islands;;180;10080
07.04.2023EW8593;PMI-BER;Balearic Islands;;180;9504
08.04.2023EW581;PMI-CGN;Balearic Islands;;180;9792
11.04.2023EW581;PMI-CGN;Balearic Islands;;180;9696
06.04.2023EW587;PMI-CGN;Balearic Islands;;180;10080
12.04.2023EW583;PMI-CGN;Balearic Islands;;180;9216
09.04.2023EW587;PMI-CGN;Balearic Islands;;180;9792
12.04.2023EW593;PMI-CGN;Balearic Islands;;180;9792
06.04.2023EW6898;PMI-CGN;Balearic Islands;;180;9216
08.04.2023EW587;PMI-CGN;Balearic Islands;;180;9408
12.04.2023EW581;PMI-CGN;Balearic Islands;;180;9312
10.04.2023EW581;PMI-CGN;Balearic Islands;;180;9216
10.04.2023EW593;PMI-CGN;Balearic Islands;;180;9600
07.04.2023EW581;PMI-CGN;Balearic Islands;;180;9792
12.04.2023EW585;PMI-CGN;Balearic Islands;;180;9888
09.04.2023EW583;PMI-CGN;Balearic Islands;;180;10080
08.04.2023EW593;PMI-CGN;Balearic Islands;;180;9984
09.04.2023EW591;PMI-CGN;Balearic Islands;;180;9504
09.04.2023EW593;PMI-CGN;Balearic Islands;;180;9408
11.04.2023EW599;PMI-CGN;Balearic Islands;;180;9792
10.04.2023EW599;PMI-CGN;Balearic Islands;;180;10080
11.04.2023EW6898;PMI-CGN;Balearic Islands;;180;9600
09.04.2023EW585;PMI-CGN;Balearic Islands;;180;9600
11.04.2023EW593;PMI-CGN;Balearic Islands;;180;9216
08.04.2023EW589;PMI-CGN;Balearic Islands;;180;9408
10.04.2023EW589;PMI-CGN;Balearic Islands;;180;9984
08.04.2023EW591;PMI-CGN;Balearic Islands;;180;9504
08.04.2023EW597;PMI-CGN;Balearic Islands;;180;9216
10.04.2023EW585;PMI-CGN;Balearic Islands;;180;9792
11.04.2023EW585;PMI-CGN;Balearic Islands;;180;9216
07.04.2023EW593;PMI-CGN;Balearic Islands;;180;9408
06.04.2023EW597;PMI-CGN;Balearic Islands;;180;9312
07.04.2023EW587;PMI-CGN;Balearic Islands;;180;9312
07.04.2023EW591;PMI-CGN;Balearic Islands;;180;9504
08.04.2023EW585;PMI-CGN;Balearic Islands;;180;9408
06.04.2023EW583;PMI-CGN;Balearic Islands;;180;9696
09.04.2023EW597;PMI-CGN;Balearic Islands;;180;9984
12.04.2023EW6898;PMI-CGN;Balearic Islands;;180;9312
07.04.2023EW589;PMI-CGN;Balearic Islands;;180;9312
07.04.2023EW585;PMI-CGN;Balearic Islands;;180;9504
07.04.2023EW583;PMI-CGN;Balearic Islands;;180;9408
09.04.2023EW579;PMI-CGN;Balearic Islands;;180;9120
10.04.2023EW583;PMI-CGN;Balearic Islands;;180;9120
20.04.2019EW593;PMI-CGN;Balearic Islands;;180;9312
21.04.2019EW593;PMI-CGN;Balearic Islands;;180;9408
19.04.2019EW593;PMI-CGN;Balearic Islands;;180;9408
19.04.2019EW589;PMI-CGN;Balearic Islands;;180;9600
23.04.2019EW593;PMI-CGN;Balearic Islands;;180;9408
22.04.2019EW593;PMI-CGN;Balearic Islands;;180;9792
20.04.2019EW581;PMI-CGN;Balearic Islands;;180;9120
19.04.2019EW583;PMI-CGN;Balearic Islands;;180;9600
22.04.2019EW599;PMI-CGN;Balearic Islands;;180;9120
21.04.2019EW589;PMI-CGN;Balearic Islands;;180;9312
24.04.2019EW593;PMI-CGN;Balearic Islands;;180;9792
20.04.2019EW589;PMI-CGN;Balearic Islands;;180;9600
19.04.2019EW585;PMI-CGN;Balearic Islands;;180;9696
20.04.2019EW585;PMI-CGN;Balearic Islands;;180;9888
19.04.2019EW581;PMI-CGN;Balearic Islands;;180;9792
18.04.2019EW585;PMI-CGN;Balearic Islands;;180;9888
24.04.2019EW583;PMI-CGN;Balearic Islands;;180;9408
24.04.2019EW585;PMI-CGN;Balearic Islands;;180;9504
21.04.2019EW585;PMI-CGN;Balearic Islands;;180;9600
18.04.2019EW589;PMI-CGN;Balearic Islands;;180;9216
18.04.2019EW591;PMI-CGN;Balearic Islands;;180;9984
24.04.2019EW581;PMI-CGN;Balearic Islands;;180;10080
24.04.2019EW589;PMI-CGN;Balearic Islands;;180;9888
18.04.2019EW599;PMI-CGN;Balearic Islands;;180;9696
22.04.2019EW585;PMI-CGN;Balearic Islands;;180;9888
22.04.2019EW581;PMI-CGN;Balearic Islands;;180;10080
23.04.2019EW581;PMI-CGN;Balearic Islands;;180;10080
22.04.2019EW589;PMI-CGN;Balearic Islands;;180;9600
23.04.2019EW585;PMI-CGN;Balearic Islands;;180;9504
09.04.2023EW9587;PMI-DUS;Balearic Islands;;180;9120
10.04.2023EW9591;PMI-DUS;Balearic Islands;;180;9888
10.04.2023EW9581;PMI-DUS;Balearic Islands;;180;9504
08.04.2023EW9575;PMI-DUS;Balearic Islands;;180;9504
08.04.2023EW9595;PMI-DUS;Balearic Islands;;180;9216
08.04.2023EW9581;PMI-DUS;Balearic Islands;;180;9312
12.04.2023EW9575;PMI-DUS;Balearic Islands;;180;9600
10.04.2023EW9595;PMI-DUS;Balearic Islands;;180;9312
09.04.2023EW9591;PMI-DUS;Balearic Islands;;180;9216
11.04.2023EW9585;PMI-DUS;Balearic Islands;;180;10080
12.04.2023EW9593;PMI-DUS;Balearic Islands;;180;9312
11.04.2023EW9595;PMI-DUS;Balearic Islands;;180;9888
08.04.2023EW9585;PMI-DUS;Balearic Islands;;180;9888
07.04.2023EW9575;PMI-DUS;Balearic Islands;;180;10080
10.04.2023EW9593;PMI-DUS;Balearic Islands;;180;9216
09.04.2023EW9581;PMI-DUS;Balearic Islands;;180;9312
12.04.2023EW9581;PMI-DUS;Balearic Islands;;180;9600
12.04.2023EW9595;PMI-DUS;Balearic Islands;;180;10080
12.04.2023EW9589;PMI-DUS;Balearic Islands;;180;9504
10.04.2023EW9579;PMI-DUS;Balearic Islands;;180;9792
11.04.2023EW9591;PMI-DUS;Balearic Islands;;180;10080
07.04.2023EW9587;PMI-DUS;Balearic Islands;;180;9504
09.04.2023EW9575;PMI-DUS;Balearic Islands;;180;9312
11.04.2023EW9581;PMI-DUS;Balearic Islands;;180;9312
07.04.2023EW9589;PMI-DUS;Balearic Islands;;180;9408
06.04.2023EW9575;PMI-DUS;Balearic Islands;;180;9696
11.04.2023EW9589;PMI-DUS;Balearic Islands;;180;9984
11.04.2023EW9575;PMI-DUS;Balearic Islands;;180;9312
06.04.2023EW9587;PMI-DUS;Balearic Islands;;180;9696
12.04.2023EW9579;PMI-DUS;Balearic Islands;;180;9696
07.04.2023EW9595;PMI-DUS;Balearic Islands;;180;9312
06.04.2023EW9595;PMI-DUS;Balearic Islands;;180;10080
12.04.2023EW9585;PMI-DUS;Balearic Islands;;180;9120
09.04.2023EW9593;PMI-DUS;Balearic Islands;;180;9792
07.04.2023EW9591;PMI-DUS;Balearic Islands;;180;9504
07.04.2023EW9579;PMI-DUS;Balearic Islands;;180;9408
06.04.2023EW9579;PMI-DUS;Balearic Islands;;180;9216
09.04.2023EW9589;PMI-DUS;Balearic Islands;;180;9696
11.04.2023EW9587;PMI-DUS;Balearic Islands;;180;9216
09.04.2023EW6894;PMI-DUS;Balearic Islands;;180;9792
06.04.2023EW9591;PMI-DUS;Balearic Islands;;180;9888
07.04.2023EW9581;PMI-DUS;Balearic Islands;;180;9216
08.04.2023EW9583;PMI-DUS;Balearic Islands;;180;9312
12.04.2023EW9587;PMI-DUS;Balearic Islands;;180;9792
07.04.2023EW9585;PMI-DUS;Balearic Islands;;180;9888
09.04.2023EW9595;PMI-DUS;Balearic Islands;;180;9600
08.04.2023EW9593;PMI-DUS;Balearic Islands;;180;9312
08.04.2023EW9579;PMI-DUS;Balearic Islands;;180;9408
09.04.2023EW9585;PMI-DUS;Balearic Islands;;180;9792
10.04.2023EW9585;PMI-DUS;Balearic Islands;;180;9504
10.04.2023EW9589;PMI-DUS;Balearic Islands;;180;9792
09.04.2023EW9583;PMI-DUS;Balearic Islands;;180;9408
09.04.2023EW9597;PMI-DUS;Balearic Islands;;180;9216
06.04.2023EW9593;PMI-DUS;Balearic Islands;;180;9696
08.04.2023EW9587;PMI-DUS;Balearic Islands;;180;9792
11.04.2023EW9583;PMI-DUS;Balearic Islands;;180;9408
06.04.2023EW9581;PMI-DUS;Balearic Islands;;180;10080
10.04.2023EW9575;PMI-DUS;Balearic Islands;;180;9312
09.04.2023EW9579;PMI-DUS;Balearic Islands;;180;9312
06.04.2023EW9585;PMI-DUS;Balearic Islands;;180;9216
08.04.2023EW9577;PMI-DUS;Balearic Islands;;180;9120
10.04.2023EW9577;PMI-DUS;Balearic Islands;;180;9408
23.04.2019EW9585;PMI-DUS;Balearic Islands;;180;9312
23.04.2019EW9575;PMI-DUS;Balearic Islands;;180;9216
19.04.2019EW9587;PMI-DUS;Balearic Islands;;180;9600
22.04.2019EW9593;PMI-DUS;Balearic Islands;;180;9792
19.04.2019EW9575;PMI-DUS;Balearic Islands;;180;9408
18.04.2019EW9581;PMI-DUS;Balearic Islands;;180;9216
19.04.2019EW9581;PMI-DUS;Balearic Islands;;180;9408
21.04.2019EW9589;PMI-DUS;Balearic Islands;;180;9792
22.04.2019EW9581;PMI-DUS;Balearic Islands;;180;9984
24.04.2019EW9581;PMI-DUS;Balearic Islands;;180;9120
24.04.2019EW9575;PMI-DUS;Balearic Islands;;180;9408
20.04.2019EW9583;PMI-DUS;Balearic Islands;;180;9312
21.04.2019EW9593;PMI-DUS;Balearic Islands;;180;9696
23.04.2019EW9581;PMI-DUS;Balearic Islands;;180;9312
22.04.2019EW9587;PMI-DUS;Balearic Islands;;180;9120
18.04.2019EW9589;PMI-DUS;Balearic Islands;;180;9216
20.04.2019EW9585;PMI-DUS;Balearic Islands;;180;9696
21.04.2019EW9585;PMI-DUS;Balearic Islands;;180;9792
20.04.2019EW9575;PMI-DUS;Balearic Islands;;180;9312
24.04.2019EW9587;PMI-DUS;Balearic Islands;;180;9984
21.04.2019EW9587;PMI-DUS;Balearic Islands;;180;9312
21.04.2019EW9581;PMI-DUS;Balearic Islands;;180;10080
20.04.2019EW9587;PMI-DUS;Balearic Islands;;180;9312
21.04.2019EW9575;PMI-DUS;Balearic Islands;;180;9888
20.04.2019EW9593;PMI-DUS;Balearic Islands;;180;9408
24.04.2019EW9589;PMI-DUS;Balearic Islands;;180;9984
23.04.2019EW9587;PMI-DUS;Balearic Islands;;180;9216
22.04.2019EW9575;PMI-DUS;Balearic Islands;;180;9216
19.04.2019EW9585;PMI-DUS;Balearic Islands;;180;9312
18.04.2019EW9575;PMI-DUS;Balearic Islands;;180;9984
21.04.2019EW9583;PMI-DUS;Balearic Islands;;180;9696
22.04.2019EW6840;PMI-DUS;Balearic Islands;;180;10080
24.04.2019EW9585;PMI-DUS;Balearic Islands;;180;9312
19.04.2019EW9589;PMI-DUS;Balearic Islands;;180;9600
18.04.2019EW9587;PMI-DUS;Balearic Islands;;180;9792
22.04.2019EW9585;PMI-DUS;Balearic Islands;;180;9312
18.04.2019EW9585;PMI-DUS;Balearic Islands;;180;9216
12.04.2023EW7583;PMI-HAM;Balearic Islands;;180;9696
11.04.2023EW7589;PMI-HAM;Balearic Islands;;180;9888
12.04.2023EW7589;PMI-HAM;Balearic Islands;;180;9504
10.04.2023EW7587;PMI-HAM;Balearic Islands;;180;9696
09.04.2023EW7593;PMI-HAM;Balearic Islands;;180;9312
09.04.2023EW7591;PMI-HAM;Balearic Islands;;180;9600
11.04.2023EW7587;PMI-HAM;Balearic Islands;;180;9216
10.04.2023EW7581;PMI-HAM;Balearic Islands;;180;9120
06.04.2023EW7589;PMI-HAM;Balearic Islands;;180;10080
08.04.2023EW7581;PMI-HAM;Balearic Islands;;180;9888
10.04.2023EW7583;PMI-HAM;Balearic Islands;;180;10080
09.04.2023EW7581;PMI-HAM;Balearic Islands;;180;9312
07.04.2023EW7583;PMI-HAM;Balearic Islands;;180;9792
08.04.2023EW7587;PMI-HAM;Balearic Islands;;180;10080
12.04.2023EW7581;PMI-HAM;Balearic Islands;;180;9216
10.04.2023EW7591;PMI-HAM;Balearic Islands;;180;9120
06.04.2023EW7593;PMI-HAM;Balearic Islands;;180;9312
08.04.2023EW7585;PMI-HAM;Balearic Islands;;180;9408
08.04.2023EW7589;PMI-HAM;Balearic Islands;;180;9408
12.04.2023EW7587;PMI-HAM;Balearic Islands;;180;9792
07.04.2023EW7587;PMI-HAM;Balearic Islands;;180;9408
07.04.2023EW7585;PMI-HAM;Balearic Islands;;180;9504
06.04.2023EW7587;PMI-HAM;Balearic Islands;;180;9792
12.04.2023EW7591;PMI-HAM;Balearic Islands;;180;9504
10.04.2023EW7589;PMI-HAM;Balearic Islands;;180;9504
08.04.2023EW7591;PMI-HAM;Balearic Islands;;180;9408
06.04.2023EW7581;PMI-HAM;Balearic Islands;;180;9216
09.04.2023EW7589;PMI-HAM;Balearic Islands;;180;9120
07.04.2023EW7581;PMI-HAM;Balearic Islands;;180;9120
09.04.2023EW7587;PMI-HAM;Balearic Islands;;180;10080
07.04.2023EW7593;PMI-HAM;Balearic Islands;;180;9696
11.04.2023EW7585;PMI-HAM;Balearic Islands;;180;9888
07.04.2023EW7591;PMI-HAM;Balearic Islands;;180;9696
11.04.2023EW7591;PMI-HAM;Balearic Islands;;180;10080
10.04.2023EW7593;PMI-HAM;Balearic Islands;;180;9792
08.04.2023EW7593;PMI-HAM;Balearic Islands;;180;9792
06.04.2023EW7591;PMI-HAM;Balearic Islands;;180;9888
22.04.2019EW7587;PMI-HAM;Balearic Islands;;180;9312
20.04.2019EW7581;PMI-HAM;Balearic Islands;;180;9984
18.04.2019EW7587;PMI-HAM;Balearic Islands;;180;9312
24.04.2019EW7589;PMI-HAM;Balearic Islands;;180;9696
21.04.2019EW7587;PMI-HAM;Balearic Islands;;180;9216
22.04.2019EW7591;PMI-HAM;Balearic Islands;;180;9216
19.04.2019EW7587;PMI-HAM;Balearic Islands;;180;9312
20.04.2019EW7585;PMI-HAM;Balearic Islands;;180;9216
19.04.2019EW7591;PMI-HAM;Balearic Islands;;180;9504
21.04.2019EW7583;PMI-HAM;Balearic Islands;;180;9600
19.04.2019EW7581;PMI-HAM;Balearic Islands;;180;9408
21.04.2019EW7581;PMI-HAM;Balearic Islands;;180;9696
18.04.2019EW7583;PMI-HAM;Balearic Islands;;180;9120
24.04.2019EW7583;PMI-HAM;Balearic Islands;;180;9120
22.04.2019EW7581;PMI-HAM;Balearic Islands;;180;10080
22.04.2019EW7583;PMI-HAM;Balearic Islands;;180;9600
18.04.2019EW7591;PMI-HAM;Balearic Islands;;180;10080
19.04.2019EW7583;PMI-HAM;Balearic Islands;;180;9504
23.04.2019EW7595;PMI-HAM;Balearic Islands;;180;9408
20.04.2019EW5433;PMI-HAM;Balearic Islands;;180;9120
24.04.2019EW7587;PMI-HAM;Balearic Islands;;180;9216
23.04.2019EW7587;PMI-HAM;Balearic Islands;;180;9408
21.04.2019EW7589;PMI-HAM;Balearic Islands;;180;9504
23.04.2019EW7591;PMI-HAM;Balearic Islands;;180;9792
24.04.2019EW7591;PMI-HAM;Balearic Islands;;180;9120
11.04.2023EW2585;PMI-STR;Balearic Islands;;180;10080
08.04.2023EW2581;PMI-STR;Balearic Islands;;180;9984
12.04.2023EW2597;PMI-STR;Balearic Islands;;180;9792
10.04.2023EW2591;PMI-STR;Balearic Islands;;180;9600
09.04.2023EW2587;PMI-STR;Balearic Islands;;180;10080
12.04.2023EW2585;PMI-STR;Balearic Islands;;180;9984
10.04.2023EW2581;PMI-STR;Balearic Islands;;180;9312
07.04.2023EW2589;PMI-STR;Balearic Islands;;180;9312
09.04.2023EW2583;PMI-STR;Balearic Islands;;180;9120
07.04.2023EW2587;PMI-STR;Balearic Islands;;180;9792
10.04.2023EW2585;PMI-STR;Balearic Islands;;180;9312
08.04.2023EW2589;PMI-STR;Balearic Islands;;180;10080
06.04.2023EW2593;PMI-STR;Balearic Islands;;180;9696
12.04.2023EW2589;PMI-STR;Balearic Islands;;180;9408
11.04.2023EW2593;PMI-STR;Balearic Islands;;180;9504
09.04.2023EW2585;PMI-STR;Balearic Islands;;180;9312
12.04.2023EW2581;PMI-STR;Balearic Islands;;180;9888
09.04.2023EW2581;PMI-STR;Balearic Islands;;180;9504
11.04.2023EW2597;PMI-STR;Balearic Islands;;180;9120
07.04.2023EW2593;PMI-STR;Balearic Islands;;180;9120
07.04.2023EW2581;PMI-STR;Balearic Islands;;180;9216
06.04.2023EW2581;PMI-STR;Balearic Islands;;180;9888
07.04.2023EW2585;PMI-STR;Balearic Islands;;180;9792
08.04.2023EW2597;PMI-STR;Balearic Islands;;180;9504
06.04.2023EW2583;PMI-STR;Balearic Islands;;180;9792
08.04.2023EW2587;PMI-STR;Balearic Islands;;180;9792
18.04.2019EW2597;PMI-STR;Balearic Islands;;180;10080
19.04.2019EW2583;PMI-STR;Balearic Islands;;180;9216
24.04.2019EW2597;PMI-STR;Balearic Islands;;180;9312
19.04.2019EW2585;PMI-STR;Balearic Islands;;180;9312
24.04.2019EW2589;PMI-STR;Balearic Islands;;180;9696
23.04.2019EW2587;PMI-STR;Balearic Islands;;180;9792
18.04.2019EW2583;PMI-STR;Balearic Islands;;180;9312
22.04.2019EW2583;PMI-STR;Balearic Islands;;180;9216
22.04.2019EW2585;PMI-STR;Balearic Islands;;180;9408
21.04.2019EW2591;PMI-STR;Balearic Islands;;180;9312
22.04.2019EW2589;PMI-STR;Balearic Islands;;180;9696
23.04.2019EW2597;PMI-STR;Balearic Islands;;180;9408
18.04.2019EW2589;PMI-STR;Balearic Islands;;180;9216
20.04.2019EW2597;PMI-STR;Balearic Islands;;180;10080
19.04.2019EW2589;PMI-STR;Balearic Islands;;180;9504
21.04.2019EW2593;PMI-STR;Balearic Islands;;180;9408
20.04.2019EW2593;PMI-STR;Balearic Islands;;180;9600
24.04.2019EW2587;PMI-STR;Balearic Islands;;180;9312
21.04.2019EW2583;PMI-STR;Balearic Islands;;180;10080
23.04.2019EW2585;PMI-STR;Balearic Islands;;180;9216
21.04.2019EW2585;PMI-STR;Balearic Islands;;180;9120
21.04.2019EW6846;PMI-STR;Balearic Islands;;180;9120
24.04.2019EW6846;PMI-STR;Balearic Islands;;180;9600
10.04.2023EW2594;STR-IBZ;Balearic Islands;;172;8160
06.04.2023EW2544;STR-IBZ;Balearic Islands;;172;8000
12.04.2023EW2594;STR-IBZ;Balearic Islands;;172;8400
07.04.2023EW2594;STR-IBZ;Balearic Islands;;172;7920
08.04.2023EW2544;STR-IBZ;Balearic Islands;;172;8400
19.04.2019EW2594;STR-IBZ;Balearic Islands;;172;7600
24.04.2019EW2594;STR-IBZ;Balearic Islands;;172;8400
21.04.2019EW2594;STR-IBZ;Balearic Islands;;172;7840
07.04.2023EW2592;STR-PMI;Balearic Islands;;180;9312
06.04.2023EW2592;STR-PMI;Balearic Islands;;180;9600
09.04.2023EW2582;STR-PMI;Balearic Islands;;180;9696
08.04.2023EW2596;STR-PMI;Balearic Islands;;180;9504
08.04.2023EW2580;STR-PMI;Balearic Islands;;180;9888
10.04.2023EW2584;STR-PMI;Balearic Islands;;180;9216
12.04.2023EW2588;STR-PMI;Balearic Islands;;180;9408
07.04.2023EW2588;STR-PMI;Balearic Islands;;180;9792
10.04.2023EW2590;STR-PMI;Balearic Islands;;180;9984
12.04.2023EW2584;STR-PMI;Balearic Islands;;180;9696
07.04.2023EW2586;STR-PMI;Balearic Islands;;180;9696
11.04.2023EW2596;STR-PMI;Balearic Islands;;180;9792
10.04.2023EW2580;STR-PMI;Balearic Islands;;180;9504
09.04.2023EW2584;STR-PMI;Balearic Islands;;180;9984
11.04.2023EW2584;STR-PMI;Balearic Islands;;180;10080
11.04.2023EW2592;STR-PMI;Balearic Islands;;180;9120
06.04.2023EW2580;STR-PMI;Balearic Islands;;180;9504
07.04.2023EW2580;STR-PMI;Balearic Islands;;180;9984
08.04.2023EW2588;STR-PMI;Balearic Islands;;180;9216
07.04.2023EW2584;STR-PMI;Balearic Islands;;180;9984
09.04.2023EW2586;STR-PMI;Balearic Islands;;180;9984
09.04.2023EW2580;STR-PMI;Balearic Islands;;180;9504
12.04.2023EW2596;STR-PMI;Balearic Islands;;180;9984
06.04.2023EW2582;STR-PMI;Balearic Islands;;180;9216
08.04.2023EW2586;STR-PMI;Balearic Islands;;180;9312
12.04.2023EW2580;STR-PMI;Balearic Islands;;180;9312
23.04.2019EW2596;STR-PMI;Balearic Islands;;180;9984
20.04.2019EW2592;STR-PMI;Balearic Islands;;180;9600
24.04.2019EW2596;STR-PMI;Balearic Islands;;180;10080
23.04.2019EW2586;STR-PMI;Balearic Islands;;180;9504
24.04.2019EW2588;STR-PMI;Balearic Islands;;180;9696
18.04.2019EW2596;STR-PMI;Balearic Islands;;180;9792
21.04.2019EW6847;STR-PMI;Balearic Islands;;180;9312
24.04.2019EW2586;STR-PMI;Balearic Islands;;180;9120
20.04.2019EW2596;STR-PMI;Balearic Islands;;180;9408
23.04.2019EW2584;STR-PMI;Balearic Islands;;180;9408
18.04.2019EW2588;STR-PMI;Balearic Islands;;180;9696
22.04.2019EW2584;STR-PMI;Balearic Islands;;180;9696
22.04.2019EW2588;STR-PMI;Balearic Islands;;180;9792
22.04.2019EW2582;STR-PMI;Balearic Islands;;180;9216
19.04.2019EW2584;STR-PMI;Balearic Islands;;180;9600
18.04.2019EW2582;STR-PMI;Balearic Islands;;180;9600
19.04.2019EW2582;STR-PMI;Balearic Islands;;180;9600
19.04.2019EW2588;STR-PMI;Balearic Islands;;180;9408
21.04.2019EW2584;STR-PMI;Balearic Islands;;180;9888
21.04.2019EW2592;STR-PMI;Balearic Islands;;180;9696
21.04.2019EW2590;STR-PMI;Balearic Islands;;180;10080
21.04.2019EW2582;STR-PMI;Balearic Islands;;180;9216
24.04.2019EW6847;STR-PMI;Balearic Islands;;180;9504
09.04.2023EW8371;ACE-BER;Canaries;New;180;12000
11.04.2023EW8371;ACE-BER;Canaries;New;180;12120
09.04.2023EW261;ACE-CGN;Canaries;Existing;180;12360
11.04.2023EW261;ACE-CGN;Canaries;Existing;180;11760
23.04.2019EW261;ACE-CGN;Canaries;Existing;180;12000
21.04.2019EW261;ACE-CGN;Canaries;Existing;180;11640
08.04.2023EW9555;ACE-DUS;Canaries;Existing;180;11640
06.04.2023EW9555;ACE-DUS;Canaries;Existing;180;11880
11.04.2023EW9555;ACE-DUS;Canaries;Existing;180;12240
18.04.2019EW9555;ACE-DUS;Canaries;Existing;180;11640
24.04.2019EW9555;ACE-DUS;Canaries;Existing;180;12360
20.04.2019EW9555;ACE-DUS;Canaries;Existing;180;12240
11.04.2023EW7089;ACE-HAM;Canaries;Existing;180;11880
09.04.2023EW7089;ACE-HAM;Canaries;Existing;180;11640
09.04.2023EW7087;ACE-HAM;Canaries;Existing;180;11880
21.04.2019EW7089;ACE-HAM;Canaries;Existing;180;11640
23.04.2019EW7089;ACE-HAM;Canaries;Existing;180;11880
11.04.2023EW2931;ACE-STR;Canaries;Existing;180;11640
08.04.2023EW2931;ACE-STR;Canaries;Existing;180;12240
20.04.2019EW2931;ACE-STR;Canaries;Existing;180;12240
09.04.2023EW8370;BER-ACE;Canaries;;180;12240
11.04.2023EW8370;BER-ACE;Canaries;;180;12000
06.04.2023EW8180;BER-FUE;Canaries;;180;12120
08.04.2023EW8180;BER-FUE;Canaries;;180;12120
10.04.2023EW8180;BER-FUE;Canaries;;180;12240
12.04.2023EW8186;BER-LPA;Canaries;;180;12120
09.04.2023EW8186;BER-LPA;Canaries;;180;11640
07.04.2023EW8186;BER-LPA;Canaries;;180;11640
09.04.2023EW8290;BER-TFS;Canaries;;180;12240
12.04.2023EW8290;BER-TFS;Canaries;;180;12000
07.04.2023EW8290;BER-TFS;Canaries;;180;11760
11.04.2023EW260;CGN-ACE;Canaries;;180;12000
09.04.2023EW260;CGN-ACE;Canaries;;180;12000
21.04.2019EW260;CGN-ACE;Canaries;;180;12360
23.04.2019EW260;CGN-ACE;Canaries;;180;11640
10.04.2023EW242;CGN-FUE;Canaries;;180;12000
09.04.2023EW246;CGN-FUE;Canaries;;180;12120
08.04.2023EW242;CGN-FUE;Canaries;;180;12360
06.04.2023EW242;CGN-FUE;Canaries;;180;12000
20.04.2019EW242;CGN-FUE;Canaries;;180;11640
12.04.2023EW268;CGN-LPA;Canaries;;180;12120
07.04.2023EW268;CGN-LPA;Canaries;;180;11760
10.04.2023EW268;CGN-LPA;Canaries;;180;12000
09.04.2023EW268;CGN-LPA;Canaries;;180;12360
06.04.2023EW268;CGN-LPA;Canaries;;180;11640
08.04.2023EW270;CGN-LPA;Canaries;;180;11640
20.04.2019EW268;CGN-LPA;Canaries;;180;11640
23.04.2019EW268;CGN-LPA;Canaries;;180;12240
18.04.2019EW268;CGN-LPA;Canaries;;180;11640
21.04.2019EW268;CGN-LPA;Canaries;;180;12240
07.04.2023EW252;CGN-TFS;Canaries;;180;12360
10.04.2023EW252;CGN-TFS;Canaries;;180;12360
06.04.2023EW254;CGN-TFS;Canaries;;180;12000
09.04.2023EW252;CGN-TFS;Canaries;;180;11880
08.04.2023EW252;CGN-TFS;Canaries;;180;11640
12.04.2023EW252;CGN-TFS;Canaries;;180;12240
21.04.2019EW252;CGN-TFS;Canaries;;180;12360
20.04.2019EW252;CGN-TFS;Canaries;;180;12120
06.04.2023EW9554;DUS-ACE;Canaries;;180;12360
08.04.2023EW9554;DUS-ACE;Canaries;;180;11640
11.04.2023EW9554;DUS-ACE;Canaries;;180;12120
20.04.2019EW9554;DUS-ACE;Canaries;;180;11760
18.04.2019EW9554;DUS-ACE;Canaries;;180;11640
24.04.2019EW9554;DUS-ACE;Canaries;;180;12000
06.04.2023EW9552;DUS-FUE;Canaries;;180;12360
07.04.2023EW9552;DUS-FUE;Canaries;;180;11640
10.04.2023EW9552;DUS-FUE;Canaries;;180;11760
08.04.2023EW9552;DUS-FUE;Canaries;;180;12240
09.04.2023EW9546;DUS-FUE;Canaries;;180;11880
09.04.2023EW9552;DUS-FUE;Canaries;;180;12360
20.04.2019EW9552;DUS-FUE;Canaries;;180;11880
18.04.2019EW9552;DUS-FUE;Canaries;;180;12000
22.04.2019EW9552;DUS-FUE;Canaries;;180;11760
12.04.2023EW9542;DUS-LPA;Canaries;;180;12360
11.04.2023EW9542;DUS-LPA;Canaries;;180;12120
08.04.2023EW9542;DUS-LPA;Canaries;;180;12000
07.04.2023EW9542;DUS-LPA;Canaries;;180;11640
10.04.2023EW9542;DUS-LPA;Canaries;;180;11880
08.04.2023EW9548;DUS-LPA;Canaries;;180;11640
06.04.2023EW9542;DUS-LPA;Canaries;;180;11760
09.04.2023EW9548;DUS-LPA;Canaries;;180;11760
09.04.2023EW9542;DUS-LPA;Canaries;;180;11640
18.04.2019EW9542;DUS-LPA;Canaries;;180;12000
24.04.2019EW9542;DUS-LPA;Canaries;;180;12120
21.04.2019EW9542;DUS-LPA;Canaries;;180;11640
20.04.2019EW9542;DUS-LPA;Canaries;;180;11640
22.04.2019EW9542;DUS-LPA;Canaries;;180;12360
19.04.2019EW9542;DUS-LPA;Canaries;;180;12240
20.04.2019EW9544;DUS-SPC;Canaries;;180;12120
23.04.2019EW9544;DUS-SPC;Canaries;;180;12120
07.04.2023EW9558;DUS-TFS;Canaries;;180;11760
10.04.2023EW9558;DUS-TFS;Canaries;;180;12000
06.04.2023EW9558;DUS-TFS;Canaries;;180;11760
09.04.2023EW9558;DUS-TFS;Canaries;;180;12360
08.04.2023EW9558;DUS-TFS;Canaries;;180;11760
08.04.2023EW9560;DUS-TFS;Canaries;;180;11640
11.04.2023EW9558;DUS-TFS;Canaries;;180;11880
12.04.2023EW9558;DUS-TFS;Canaries;;180;12000
21.04.2019EW9558;DUS-TFS;Canaries;;180;12120
23.04.2019EW9558;DUS-TFS;Canaries;;180;12360
19.04.2019EW9558;DUS-TFS;Canaries;;180;11880
24.04.2019EW9558;DUS-TFS;Canaries;;180;12000
20.04.2019EW9558;DUS-TFS;Canaries;;180;11640
10.04.2023EW8181;FUE-BER;Canaries;;180;12000
08.04.2023EW8181;FUE-BER;Canaries;;180;11880
06.04.2023EW8181;FUE-BER;Canaries;;180;11880
08.04.2023EW243;FUE-CGN;Canaries;;180;11880
10.04.2023EW243;FUE-CGN;Canaries;;180;12000
09.04.2023EW247;FUE-CGN;Canaries;;180;11760
06.04.2023EW243;FUE-CGN;Canaries;;180;12240
23.04.2019EW243;FUE-CGN;Canaries;;180;11640
20.04.2019EW243;FUE-CGN;Canaries;;180;12120
10.04.2023EW9553;FUE-DUS;Canaries;;180;12120
09.04.2023EW9547;FUE-DUS;Canaries;;180;12360
08.04.2023EW9553;FUE-DUS;Canaries;;180;11880
07.04.2023EW9553;FUE-DUS;Canaries;;180;12240
06.04.2023EW9553;FUE-DUS;Canaries;;180;12000
09.04.2023EW9553;FUE-DUS;Canaries;;180;11640
18.04.2019EW9553;FUE-DUS;Canaries;;180;12120
22.04.2019EW9553;FUE-DUS;Canaries;;180;12240
20.04.2019EW9553;FUE-DUS;Canaries;;180;11760
08.04.2023EW7527;FUE-HAM;Canaries;;180;11760
06.04.2023EW7527;FUE-HAM;Canaries;;180;12120
10.04.2023EW7527;FUE-HAM;Canaries;;180;11880
07.04.2023EW7527;FUE-HAM;Canaries;;180;12120
09.04.2023EW7527;FUE-HAM;Canaries;;180;12240
10.04.2023EW7525;FUE-HAM;Canaries;;180;12120
20.04.2019EW7527;FUE-HAM;Canaries;;180;12240
22.04.2019EW7527;FUE-HAM;Canaries;;180;11760
23.04.2019EW7527;FUE-HAM;Canaries;;180;12120
06.04.2023EW2247;FUE-STR;Canaries;;180;11880
09.04.2023EW2247;FUE-STR;Canaries;;180;12000
09.04.2023EW7086;HAM-ACE;Canaries;;180;12240
11.04.2023EW7088;HAM-ACE;Canaries;;180;11760
09.04.2023EW7088;HAM-ACE;Canaries;;180;12360
21.04.2019EW7088;HAM-ACE;Canaries;;180;12000
23.04.2019EW7088;HAM-ACE;Canaries;;180;12240
08.04.2023EW7526;HAM-FUE;Canaries;;180;12360
06.04.2023EW7526;HAM-FUE;Canaries;;180;11760
07.04.2023EW7526;HAM-FUE;Canaries;;180;12000
10.04.2023EW7526;HAM-FUE;Canaries;;180;12360
10.04.2023EW7524;HAM-FUE;Canaries;;180;11880
09.04.2023EW7526;HAM-FUE;Canaries;;180;11640
20.04.2019EW7526;HAM-FUE;Canaries;;180;12120
22.04.2019EW7526;HAM-FUE;Canaries;;180;11760
23.04.2019EW7526;HAM-FUE;Canaries;;180;12360
10.04.2023EW7266;HAM-LPA;Canaries;;180;12240
07.04.2023EW7266;HAM-LPA;Canaries;;180;12000
12.04.2023EW7266;HAM-LPA;Canaries;;180;12120
08.04.2023EW7266;HAM-LPA;Canaries;;180;12000
09.04.2023EW7266;HAM-LPA;Canaries;;180;12000
23.04.2019EW7266;HAM-LPA;Canaries;;180;12360
21.04.2019EW7266;HAM-LPA;Canaries;;180;11880
20.04.2019EW7528;HAM-SPC;Canaries;;180;11880
11.04.2023EW7532;HAM-TFS;Canaries;;180;11760
09.04.2023EW7532;HAM-TFS;Canaries;;180;11760
06.04.2023EW7532;HAM-TFS;Canaries;;180;12000
07.04.2023EW7532;HAM-TFS;Canaries;;180;12120
08.04.2023EW7532;HAM-TFS;Canaries;;180;12120
20.04.2019EW7532;HAM-TFS;Canaries;;180;12000
09.04.2023EW8187;LPA-BER;Canaries;;180;11760
07.04.2023EW8187;LPA-BER;Canaries;;180;11640
12.04.2023EW8187;LPA-BER;Canaries;;180;11640
12.04.2023EW269;LPA-CGN;Canaries;;180;12120
10.04.2023EW269;LPA-CGN;Canaries;;180;12120
07.04.2023EW269;LPA-CGN;Canaries;;180;11880
09.04.2023EW269;LPA-CGN;Canaries;;180;12360
06.04.2023EW269;LPA-CGN;Canaries;;180;12360
08.04.2023EW271;LPA-CGN;Canaries;;180;11760
18.04.2019EW269;LPA-CGN;Canaries;;180;12120
24.04.2019EW269;LPA-CGN;Canaries;;180;12240
20.04.2019EW269;LPA-CGN;Canaries;;180;12240
21.04.2019EW269;LPA-CGN;Canaries;;180;11880
08.04.2023EW9543;LPA-DUS;Canaries;;180;12360
11.04.2023EW9543;LPA-DUS;Canaries;;180;11880
09.04.2023EW9543;LPA-DUS;Canaries;;180;12240
06.04.2023EW9543;LPA-DUS;Canaries;;180;12360
10.04.2023EW9543;LPA-DUS;Canaries;;180;12120
08.04.2023EW9549;LPA-DUS;Canaries;;180;12240
09.04.2023EW9549;LPA-DUS;Canaries;;180;11640
12.04.2023EW9543;LPA-DUS;Canaries;;180;12000
07.04.2023EW9543;LPA-DUS;Canaries;;180;12360
18.04.2019EW9543;LPA-DUS;Canaries;;180;12360
22.04.2019EW9543;LPA-DUS;Canaries;;180;11640
19.04.2019EW9543;LPA-DUS;Canaries;;180;12360
21.04.2019EW9543;LPA-DUS;Canaries;;180;11760
24.04.2019EW9543;LPA-DUS;Canaries;;180;12360
20.04.2019EW9543;LPA-DUS;Canaries;;180;12360
12.04.2023EW7267;LPA-HAM;Canaries;;180;11640
07.04.2023EW7267;LPA-HAM;Canaries;;180;11760
09.04.2023EW7267;LPA-HAM;Canaries;;180;12120
10.04.2023EW7267;LPA-HAM;Canaries;;180;11880
08.04.2023EW7267;LPA-HAM;Canaries;;180;12240
21.04.2019EW7267;LPA-HAM;Canaries;;180;12000
23.04.2019EW7267;LPA-HAM;Canaries;;180;12360
06.04.2023EW2263;LPA-STR;Canaries;;180;11760
09.04.2023EW2263;LPA-STR;Canaries;;180;12000
08.04.2023EW2263;LPA-STR;Canaries;;180;12240
21.04.2019EW2263;LPA-STR;Canaries;;180;11760
18.04.2019EW2261;LPA-STR;Canaries;;180;12120
20.04.2019EW9545;SPC-DUS;Canaries;;180;12360
23.04.2019EW9545;SPC-DUS;Canaries;;180;11880
20.04.2019EW7529;SPC-HAM;Canaries;;180;12000
20.04.2019EW2269;SPC-STR;Canaries;;180;11880
08.04.2023EW2930;STR-ACE;Canaries;;180;12000
11.04.2023EW2930;STR-ACE;Canaries;;180;11640
20.04.2019EW2930;STR-ACE;Canaries;;180;11880
09.04.2023EW2246;STR-FUE;Canaries;;180;12360
06.04.2023EW2246;STR-FUE;Canaries;;180;12240
06.04.2023EW2262;STR-LPA;Canaries;;180;12360
08.04.2023EW2262;STR-LPA;Canaries;;180;12360
09.04.2023EW2262;STR-LPA;Canaries;;180;11760
18.04.2019EW2260;STR-LPA;Canaries;;180;12360
21.04.2019EW2262;STR-LPA;Canaries;;180;11760
20.04.2019EW2268;STR-SPC;Canaries;;180;11640
12.04.2023EW2534;STR-TFS;Canaries;;180;12360
08.04.2023EW2534;STR-TFS;Canaries;;180;12240
09.04.2023EW2534;STR-TFS;Canaries;;180;12120
20.04.2019EW2534;STR-TFS;Canaries;;180;12240
07.04.2023EW8291;TFS-BER;Canaries;;180;11880
12.04.2023EW8291;TFS-BER;Canaries;;180;12240
09.04.2023EW8291;TFS-BER;Canaries;;180;12000
08.04.2023EW253;TFS-CGN;Canaries;;180;12000
10.04.2023EW253;TFS-CGN;Canaries;;180;12240
07.04.2023EW253;TFS-CGN;Canaries;;180;11760
09.04.2023EW253;TFS-CGN;Canaries;;180;12000
12.04.2023EW253;TFS-CGN;Canaries;;180;12000
06.04.2023EW255;TFS-CGN;Canaries;;180;12120
20.04.2019EW253;TFS-CGN;Canaries;;180;11880
21.04.2019EW253;TFS-CGN;Canaries;;180;12000
12.04.2023EW9559;TFS-DUS;Canaries;;180;11640
10.04.2023EW9559;TFS-DUS;Canaries;;180;12240
06.04.2023EW9559;TFS-DUS;Canaries;;180;12240
11.04.2023EW9559;TFS-DUS;Canaries;;180;12360
07.04.2023EW9559;TFS-DUS;Canaries;;180;11760
08.04.2023EW9559;TFS-DUS;Canaries;;180;12240
09.04.2023EW9559;TFS-DUS;Canaries;;180;11880
08.04.2023EW9561;TFS-DUS;Canaries;;180;11880
19.04.2019EW9559;TFS-DUS;Canaries;;180;12360
20.04.2019EW9559;TFS-DUS;Canaries;;180;12000
23.04.2019EW9559;TFS-DUS;Canaries;;180;11640
21.04.2019EW9559;TFS-DUS;Canaries;;180;12000
24.04.2019EW9559;TFS-DUS;Canaries;;180;11760
09.04.2023EW7533;TFS-HAM;Canaries;;180;11880
06.04.2023EW7533;TFS-HAM;Canaries;;180;11880
11.04.2023EW7533;TFS-HAM;Canaries;;180;12120
07.04.2023EW7533;TFS-HAM;Canaries;;180;12120
08.04.2023EW7533;TFS-HAM;Canaries;;180;12120
20.04.2019EW7533;TFS-HAM;Canaries;;180;12360
09.04.2023EW2535;TFS-STR;Canaries;;180;12120
12.04.2023EW2535;TFS-STR;Canaries;;180;12240
08.04.2023EW2535;TFS-STR;Canaries;;180;12360
20.04.2019EW2535;TFS-STR;Canaries;;180;12120
11.04.2023EW8537;AGP-BER;Iberian Peninsula;New;172;5952
09.04.2023EW8537;AGP-BER;Iberian Peninsula;New;172;6848
07.04.2023EW8537;AGP-BER;Iberian Peninsula;New;172;6144
06.04.2023EW535;AGP-CGN;Iberian Peninsula;New;172;6848
08.04.2023EW535;AGP-CGN;Iberian Peninsula;New;172;6400
09.04.2023EW9537;AGP-DUS;Iberian Peninsula;Existing;172;6144
07.04.2023EW9535;AGP-DUS;Iberian Peninsula;Existing;172;6528
10.04.2023EW9535;AGP-DUS;Iberian Peninsula;Existing;172;6016
07.04.2023EW9537;AGP-DUS;Iberian Peninsula;Existing;172;6208
12.04.2023EW9535;AGP-DUS;Iberian Peninsula;Existing;172;6656
10.04.2023EW9537;AGP-DUS;Iberian Peninsula;Existing;172;6336
11.04.2023EW9537;AGP-DUS;Iberian Peninsula;Existing;172;6336
06.04.2023EW9537;AGP-DUS;Iberian Peninsula;Existing;172;6400
08.04.2023EW9537;AGP-DUS;Iberian Peninsula;Existing;172;6784
09.04.2023EW9535;AGP-DUS;Iberian Peninsula;Existing;172;6720
08.04.2023EW9535;AGP-DUS;Iberian Peninsula;Existing;172;6080
24.04.2019EW9537;AGP-DUS;Iberian Peninsula;Existing;172;6848
19.04.2019EW9537;AGP-DUS;Iberian Peninsula;Existing;172;6080
21.04.2019EW9537;AGP-DUS;Iberian Peninsula;Existing;172;5952
23.04.2019EW9537;AGP-DUS;Iberian Peninsula;Existing;172;6080
22.04.2019EW9537;AGP-DUS;Iberian Peninsula;Existing;172;6144
20.04.2019EW9537;AGP-DUS;Iberian Peninsula;Existing;172;6336
18.04.2019EW9537;AGP-DUS;Iberian Peninsula;Existing;172;6528
09.04.2023EW7537;AGP-HAM;Iberian Peninsula;New;172;6400
06.04.2023EW7537;AGP-HAM;Iberian Peninsula;New;172;6656
11.04.2023EW7537;AGP-HAM;Iberian Peninsula;New;172;6464
08.04.2023EW7537;AGP-HAM;Iberian Peninsula;New;172;6016
09.04.2023EW2537;AGP-STR;Iberian Peninsula;Existing;172;6144
07.04.2023EW2537;AGP-STR;Iberian Peninsula;Existing;172;6400
12.04.2023EW2537;AGP-STR;Iberian Peninsula;Existing;172;6272
10.04.2023EW2537;AGP-STR;Iberian Peninsula;Existing;172;6336
21.04.2019EW2537;AGP-STR;Iberian Peninsula;Existing;172;6144
18.04.2019EW2537;AGP-STR;Iberian Peninsula;Existing;172;6528
20.04.2019EW2537;AGP-STR;Iberian Peninsula;Existing;172;6080
11.04.2023EW859;ALC-CGN;Iberian Peninsula;New;172;6784
09.04.2023EW859;ALC-CGN;Iberian Peninsula;New;172;6080
09.04.2023EW9533;ALC-DUS;Iberian Peninsula;;172;6208
12.04.2023EW9531;ALC-DUS;Iberian Peninsula;;172;6400
07.04.2023EW9531;ALC-DUS;Iberian Peninsula;;172;6400
08.04.2023EW9531;ALC-DUS;Iberian Peninsula;;172;6400
10.04.2023EW9531;ALC-DUS;Iberian Peninsula;;172;6528
18.04.2019EW9531;ALC-DUS;Iberian Peninsula;;172;5952
23.04.2019EW9531;ALC-DUS;Iberian Peninsula;;172;6144
22.04.2019EW9531;ALC-DUS;Iberian Peninsula;;172;6464
21.04.2019EW9531;ALC-DUS;Iberian Peninsula;;172;6080
11.04.2023EW7541;ALC-HAM;Iberian Peninsula;;172;6848
08.04.2023EW7541;ALC-HAM;Iberian Peninsula;;172;6784
10.04.2023EW521;BCN-CGN;Iberian Peninsula;;172;6528
11.04.2023EW521;BCN-CGN;Iberian Peninsula;;172;6528
09.04.2023EW527;BCN-CGN;Iberian Peninsula;;172;6720
08.04.2023EW527;BCN-CGN;Iberian Peninsula;;172;6720
12.04.2023EW527;BCN-CGN;Iberian Peninsula;;172;6144
06.04.2023EW527;BCN-CGN;Iberian Peninsula;;172;6080
19.04.2019EW527;BCN-CGN;Iberian Peninsula;;172;5952
23.04.2019EW527;BCN-CGN;Iberian Peninsula;;172;6464
22.04.2019EW527;BCN-CGN;Iberian Peninsula;;172;6272
22.04.2019EW521;BCN-CGN;Iberian Peninsula;;172;6848
18.04.2019EW527;BCN-CGN;Iberian Peninsula;;172;6336
24.04.2019EW527;BCN-CGN;Iberian Peninsula;;172;6784
20.04.2019EW527;BCN-CGN;Iberian Peninsula;;172;6656
24.04.2019EW521;BCN-CGN;Iberian Peninsula;;172;6528
21.04.2019EW527;BCN-CGN;Iberian Peninsula;;172;6144
10.04.2023EW9443;BCN-DUS;Iberian Peninsula;;172;6208
07.04.2023EW9445;BCN-DUS;Iberian Peninsula;;172;6720
12.04.2023EW9445;BCN-DUS;Iberian Peninsula;;172;6720
11.04.2023EW9443;BCN-DUS;Iberian Peninsula;;172;6720
09.04.2023EW9443;BCN-DUS;Iberian Peninsula;;172;6080
08.04.2023EW9441;BCN-DUS;Iberian Peninsula;;172;6080
10.04.2023EW9441;BCN-DUS;Iberian Peninsula;;172;6336
06.04.2023EW9445;BCN-DUS;Iberian Peninsula;;172;6848
11.04.2023EW9445;BCN-DUS;Iberian Peninsula;;172;6144
06.04.2023EW9443;BCN-DUS;Iberian Peninsula;;172;6656
09.04.2023EW9445;BCN-DUS;Iberian Peninsula;;172;6720
12.04.2023EW9443;BCN-DUS;Iberian Peninsula;;172;6656
07.04.2023EW9443;BCN-DUS;Iberian Peninsula;;172;6784
18.04.2019EW9441;BCN-DUS;Iberian Peninsula;;172;6144
21.04.2019EW9441;BCN-DUS;Iberian Peninsula;;172;6144
20.04.2019EW9443;BCN-DUS;Iberian Peninsula;;172;6656
22.04.2019EW9443;BCN-DUS;Iberian Peninsula;;172;6784
18.04.2019EW9443;BCN-DUS;Iberian Peninsula;;172;6592
19.04.2019EW9443;BCN-DUS;Iberian Peninsula;;172;6016
24.04.2019EW9443;BCN-DUS;Iberian Peninsula;;172;6208
19.04.2019EW9441;BCN-DUS;Iberian Peninsula;;172;6848
23.04.2019EW9443;BCN-DUS;Iberian Peninsula;;172;6016
22.04.2019EW9441;BCN-DUS;Iberian Peninsula;;172;6656
20.04.2019EW9441;BCN-DUS;Iberian Peninsula;;172;6784
24.04.2019EW9441;BCN-DUS;Iberian Peninsula;;172;6784
21.04.2019EW9443;BCN-DUS;Iberian Peninsula;;172;6208
23.04.2019EW9441;BCN-DUS;Iberian Peninsula;;172;6528
11.04.2023EW7521;BCN-HAM;Iberian Peninsula;;172;6656
06.04.2023EW7521;BCN-HAM;Iberian Peninsula;;172;6016
10.04.2023EW7521;BCN-HAM;Iberian Peninsula;;172;6144
09.04.2023EW7521;BCN-HAM;Iberian Peninsula;;172;5952
12.04.2023EW7521;BCN-HAM;Iberian Peninsula;;172;6144
07.04.2023EW7521;BCN-HAM;Iberian Peninsula;;172;6272
23.04.2019EW7521;BCN-HAM;Iberian Peninsula;;172;6592
18.04.2019EW7521;BCN-HAM;Iberian Peninsula;;172;6272
21.04.2019EW7521;BCN-HAM;Iberian Peninsula;;172;6144
19.04.2019EW7521;BCN-HAM;Iberian Peninsula;;172;6784
24.04.2019EW7521;BCN-HAM;Iberian Peninsula;;172;6080
22.04.2019EW7521;BCN-HAM;Iberian Peninsula;;172;6336
08.04.2023EW2529;BCN-STR;Iberian Peninsula;;172;6208
10.04.2023EW2521;BCN-STR;Iberian Peninsula;;172;5952
06.04.2023EW2521;BCN-STR;Iberian Peninsula;;172;6336
12.04.2023EW2521;BCN-STR;Iberian Peninsula;;172;6528
11.04.2023EW2521;BCN-STR;Iberian Peninsula;;172;6144
10.04.2023EW2529;BCN-STR;Iberian Peninsula;;172;6464
07.04.2023EW2521;BCN-STR;Iberian Peninsula;;172;6464
09.04.2023EW2521;BCN-STR;Iberian Peninsula;;172;6400
09.04.2023EW2525;BCN-STR;Iberian Peninsula;;172;6528
07.04.2023EW2529;BCN-STR;Iberian Peninsula;;172;5952
12.04.2023EW2529;BCN-STR;Iberian Peninsula;;172;6784
06.04.2023EW2529;BCN-STR;Iberian Peninsula;;172;6208
11.04.2023EW2529;BCN-STR;Iberian Peninsula;;172;6016
22.04.2019EW2529;BCN-STR;Iberian Peninsula;;172;6592
24.04.2019EW2529;BCN-STR;Iberian Peninsula;;172;6336
19.04.2019EW2529;BCN-STR;Iberian Peninsula;;172;6272
23.04.2019EW2529;BCN-STR;Iberian Peninsula;;172;6848
23.04.2019EW2521;BCN-STR;Iberian Peninsula;;172;6400
21.04.2019EW2521;BCN-STR;Iberian Peninsula;;172;6016
24.04.2019EW2521;BCN-STR;Iberian Peninsula;;172;6720
22.04.2019EW2521;BCN-STR;Iberian Peninsula;;172;6464
18.04.2019EW2521;BCN-STR;Iberian Peninsula;;172;6016
20.04.2019EW2529;BCN-STR;Iberian Peninsula;;172;6784
18.04.2019EW2529;BCN-STR;Iberian Peninsula;;172;6528
19.04.2019EW2521;BCN-STR;Iberian Peninsula;;172;6720
07.04.2023EW8536;BER-AGP;Iberian Peninsula;;172;6144
09.04.2023EW8536;BER-AGP;Iberian Peninsula;;172;6016
11.04.2023EW8536;BER-AGP;Iberian Peninsula;;172;6400
09.04.2023EW9519;BIO-DUS;Iberian Peninsula;;172;6720
10.04.2023EW9519;BIO-DUS;Iberian Peninsula;;172;6336
06.04.2023EW9519;BIO-DUS;Iberian Peninsula;;172;6528
12.04.2023EW9519;BIO-DUS;Iberian Peninsula;;172;6336
07.04.2023EW9519;BIO-DUS;Iberian Peninsula;;172;5952
23.04.2019EW9519;BIO-DUS;Iberian Peninsula;;172;6784
24.04.2019EW9519;BIO-DUS;Iberian Peninsula;;172;6400
20.04.2019EW9519;BIO-DUS;Iberian Peninsula;;172;6848
22.04.2019EW9519;BIO-DUS;Iberian Peninsula;;172;6400
18.04.2019EW9519;BIO-DUS;Iberian Peninsula;;172;5952
21.04.2019EW9519;BIO-DUS;Iberian Peninsula;;172;6656
19.04.2019EW9519;BIO-DUS;Iberian Peninsula;;172;6784
10.04.2023EW2517;BIO-STR;Iberian Peninsula;;172;6784
07.04.2023EW2517;BIO-STR;Iberian Peninsula;;172;6592
22.04.2019EW2517;BIO-STR;Iberian Peninsula;;172;5952
19.04.2019EW2517;BIO-STR;Iberian Peninsula;;172;6720
24.04.2019EW2517;BIO-STR;Iberian Peninsula;;172;6016
21.04.2019EW2517;BIO-STR;Iberian Peninsula;;172;6208
06.04.2023EW534;CGN-AGP;Iberian Peninsula;;172;6592
08.04.2023EW534;CGN-AGP;Iberian Peninsula;;172;6208
09.04.2023EW858;CGN-ALC;Iberian Peninsula;;172;6016
11.04.2023EW858;CGN-ALC;Iberian Peninsula;;172;6016
09.04.2023EW526;CGN-BCN;Iberian Peninsula;;172;6464
11.04.2023EW520;CGN-BCN;Iberian Peninsula;;172;6336
10.04.2023EW520;CGN-BCN;Iberian Peninsula;;172;6784
08.04.2023EW526;CGN-BCN;Iberian Peninsula;;172;6720
12.04.2023EW526;CGN-BCN;Iberian Peninsula;;172;6464
06.04.2023EW526;CGN-BCN;Iberian Peninsula;;172;6208
07.04.2023EW526;CGN-BCN;Iberian Peninsula;;172;6080
18.04.2019EW526;CGN-BCN;Iberian Peninsula;;172;6464
23.04.2019EW526;CGN-BCN;Iberian Peninsula;;172;6272
22.04.2019EW520;CGN-BCN;Iberian Peninsula;;172;6464
24.04.2019EW520;CGN-BCN;Iberian Peninsula;;172;6080
22.04.2019EW526;CGN-BCN;Iberian Peninsula;;172;6400
20.04.2019EW526;CGN-BCN;Iberian Peninsula;;172;6336
21.04.2019EW526;CGN-BCN;Iberian Peninsula;;172;6592
19.04.2019EW526;CGN-BCN;Iberian Peninsula;;172;6592
24.04.2019EW526;CGN-BCN;Iberian Peninsula;;172;6208
21.04.2019EW574;CGN-XRY;Iberian Peninsula;;172;6400
10.04.2023EW9536;DUS-AGP;Iberian Peninsula;;172;6080
07.04.2023EW9534;DUS-AGP;Iberian Peninsula;;172;6208
07.04.2023EW9536;DUS-AGP;Iberian Peninsula;;172;6016
11.04.2023EW9536;DUS-AGP;Iberian Peninsula;;172;6656
12.04.2023EW9534;DUS-AGP;Iberian Peninsula;;172;6336
10.04.2023EW9534;DUS-AGP;Iberian Peninsula;;172;5952
09.04.2023EW9534;DUS-AGP;Iberian Peninsula;;172;6528
08.04.2023EW9536;DUS-AGP;Iberian Peninsula;;172;6528
06.04.2023EW9536;DUS-AGP;Iberian Peninsula;;172;6784
08.04.2023EW9534;DUS-AGP;Iberian Peninsula;;172;6592
09.04.2023EW9536;DUS-AGP;Iberian Peninsula;;172;6528
23.04.2019EW9536;DUS-AGP;Iberian Peninsula;;172;6016
24.04.2019EW9536;DUS-AGP;Iberian Peninsula;;172;6592
19.04.2019EW9536;DUS-AGP;Iberian Peninsula;;172;5952
22.04.2019EW9536;DUS-AGP;Iberian Peninsula;;172;6080
21.04.2019EW9536;DUS-AGP;Iberian Peninsula;;172;5952
18.04.2019EW9536;DUS-AGP;Iberian Peninsula;;172;6784
20.04.2019EW9536;DUS-AGP;Iberian Peninsula;;172;6656
08.04.2023EW9530;DUS-ALC;Iberian Peninsula;;172;6592
12.04.2023EW9530;DUS-ALC;Iberian Peninsula;;172;6272
09.04.2023EW9532;DUS-ALC;Iberian Peninsula;;172;6720
07.04.2023EW9530;DUS-ALC;Iberian Peninsula;;172;6656
10.04.2023EW9530;DUS-ALC;Iberian Peninsula;;172;6336
23.04.2019EW9530;DUS-ALC;Iberian Peninsula;;172;6528
21.04.2019EW9530;DUS-ALC;Iberian Peninsula;;172;6208
18.04.2019EW9530;DUS-ALC;Iberian Peninsula;;172;6848
22.04.2019EW9530;DUS-ALC;Iberian Peninsula;;172;6400
10.04.2023EW9440;DUS-BCN;Iberian Peninsula;;172;6528
09.04.2023EW9444;DUS-BCN;Iberian Peninsula;;172;6080
09.04.2023EW9442;DUS-BCN;Iberian Peninsula;;172;6144
07.04.2023EW9444;DUS-BCN;Iberian Peninsula;;172;6336
11.04.2023EW9442;DUS-BCN;Iberian Peninsula;;172;6400
12.04.2023EW9442;DUS-BCN;Iberian Peninsula;;172;6656
08.04.2023EW9440;DUS-BCN;Iberian Peninsula;;172;6336
11.04.2023EW9444;DUS-BCN;Iberian Peninsula;;172;6592
12.04.2023EW9444;DUS-BCN;Iberian Peninsula;;172;6080
06.04.2023EW9444;DUS-BCN;Iberian Peninsula;;172;6400
06.04.2023EW9442;DUS-BCN;Iberian Peninsula;;172;6464
10.04.2023EW9442;DUS-BCN;Iberian Peninsula;;172;6784
07.04.2023EW9442;DUS-BCN;Iberian Peninsula;;172;6272
18.04.2019EW9440;DUS-BCN;Iberian Peninsula;;172;6144
23.04.2019EW9442;DUS-BCN;Iberian Peninsula;;172;6208
20.04.2019EW9442;DUS-BCN;Iberian Peninsula;;172;5952
21.04.2019EW9440;DUS-BCN;Iberian Peninsula;;172;5952
23.04.2019EW9440;DUS-BCN;Iberian Peninsula;;172;6528
22.04.2019EW9440;DUS-BCN;Iberian Peninsula;;172;6720
18.04.2019EW9442;DUS-BCN;Iberian Peninsula;;172;6528
24.04.2019EW9440;DUS-BCN;Iberian Peninsula;;172;6144
20.04.2019EW9440;DUS-BCN;Iberian Peninsula;;172;6144
19.04.2019EW9440;DUS-BCN;Iberian Peninsula;;172;6464
19.04.2019EW9442;DUS-BCN;Iberian Peninsula;;172;5952
22.04.2019EW9442;DUS-BCN;Iberian Peninsula;;172;6656
21.04.2019EW9442;DUS-BCN;Iberian Peninsula;;172;6080
24.04.2019EW9442;DUS-BCN;Iberian Peninsula;;172;6656
12.04.2023EW9518;DUS-BIO;Iberian Peninsula;;172;6720
09.04.2023EW9518;DUS-BIO;Iberian Peninsula;;172;5952
06.04.2023EW9518;DUS-BIO;Iberian Peninsula;;172;6080
10.04.2023EW9518;DUS-BIO;Iberian Peninsula;;172;6080
07.04.2023EW9518;DUS-BIO;Iberian Peninsula;;172;6016
22.04.2019EW9518;DUS-BIO;Iberian Peninsula;;172;6144
23.04.2019EW9518;DUS-BIO;Iberian Peninsula;;172;6592
18.04.2019EW9518;DUS-BIO;Iberian Peninsula;;172;6656
21.04.2019EW9518;DUS-BIO;Iberian Peninsula;;172;6656
19.04.2019EW9518;DUS-BIO;Iberian Peninsula;;172;6464
24.04.2019EW9518;DUS-BIO;Iberian Peninsula;;172;6784
20.04.2019EW9518;DUS-BIO;Iberian Peninsula;;172;6208
11.04.2023EW9538;DUS-VLC;Iberian Peninsula;;172;6592
09.04.2023EW9538;DUS-VLC;Iberian Peninsula;;172;6208
08.04.2023EW9538;DUS-VLC;Iberian Peninsula;;172;6080
10.04.2023EW9538;DUS-VLC;Iberian Peninsula;;172;6080
07.04.2023EW9538;DUS-VLC;Iberian Peninsula;;172;6720
06.04.2023EW9538;DUS-VLC;Iberian Peninsula;;172;6272
12.04.2023EW9538;DUS-VLC;Iberian Peninsula;;172;6656
19.04.2019EW9538;DUS-VLC;Iberian Peninsula;;172;6592
22.04.2019EW9538;DUS-VLC;Iberian Peninsula;;172;6144
24.04.2019EW9538;DUS-VLC;Iberian Peninsula;;172;6208
21.04.2019EW9538;DUS-VLC;Iberian Peninsula;;172;6656
23.04.2019EW9538;DUS-VLC;Iberian Peninsula;;172;6592
20.04.2019EW9538;DUS-VLC;Iberian Peninsula;;172;6272
18.04.2019EW9538;DUS-VLC;Iberian Peninsula;;172;6272
12.04.2023EW9570;DUS-XRY;Iberian Peninsula;;172;6080
09.04.2023EW9570;DUS-XRY;Iberian Peninsula;;172;6848
19.04.2019EW9570;DUS-XRY;Iberian Peninsula;;172;6528
21.04.2019EW9570;DUS-XRY;Iberian Peninsula;;172;6848
23.04.2019EW9570;DUS-XRY;Iberian Peninsula;;172;6208
06.04.2023EW7536;HAM-AGP;Iberian Peninsula;;172;6336
09.04.2023EW7536;HAM-AGP;Iberian Peninsula;;172;6464
08.04.2023EW7536;HAM-AGP;Iberian Peninsula;;172;6464
11.04.2023EW7536;HAM-AGP;Iberian Peninsula;;172;6720
08.04.2023EW7540;HAM-ALC;Iberian Peninsula;;172;6144
11.04.2023EW7540;HAM-ALC;Iberian Peninsula;;172;6848
09.04.2023EW7520;HAM-BCN;Iberian Peninsula;;172;6464
11.04.2023EW7520;HAM-BCN;Iberian Peninsula;;172;5952
06.04.2023EW7520;HAM-BCN;Iberian Peninsula;;172;5952
07.04.2023EW7520;HAM-BCN;Iberian Peninsula;;172;6592
12.04.2023EW7520;HAM-BCN;Iberian Peninsula;;172;6016
10.04.2023EW7520;HAM-BCN;Iberian Peninsula;;172;6784
24.04.2019EW7520;HAM-BCN;Iberian Peninsula;;172;6848
23.04.2019EW7520;HAM-BCN;Iberian Peninsula;;172;6848
21.04.2019EW7520;HAM-BCN;Iberian Peninsula;;172;6720
19.04.2019EW7520;HAM-BCN;Iberian Peninsula;;172;6592
18.04.2019EW7520;HAM-BCN;Iberian Peninsula;;172;6400
22.04.2019EW7520;HAM-BCN;Iberian Peninsula;;172;6848
11.04.2023EW7530;HAM-VLC;Iberian Peninsula;;172;6848
08.04.2023EW7530;HAM-VLC;Iberian Peninsula;;172;5952
07.04.2023EW2536;STR-AGP;Iberian Peninsula;;172;6400
12.04.2023EW2536;STR-AGP;Iberian Peninsula;;172;6720
09.04.2023EW2536;STR-AGP;Iberian Peninsula;;172;6080
10.04.2023EW2536;STR-AGP;Iberian Peninsula;;172;6656
21.04.2019EW2536;STR-AGP;Iberian Peninsula;;172;6080
18.04.2019EW2536;STR-AGP;Iberian Peninsula;;172;6272
20.04.2019EW2536;STR-AGP;Iberian Peninsula;;172;6272
10.04.2023EW2528;STR-BCN;Iberian Peninsula;;172;6848
06.04.2023EW2520;STR-BCN;Iberian Peninsula;;172;6592
07.04.2023EW2528;STR-BCN;Iberian Peninsula;;172;6144
11.04.2023EW2528;STR-BCN;Iberian Peninsula;;172;6656
10.04.2023EW2520;STR-BCN;Iberian Peninsula;;172;6464
07.04.2023EW2520;STR-BCN;Iberian Peninsula;;172;6080
08.04.2023EW2528;STR-BCN;Iberian Peninsula;;172;6272
11.04.2023EW2520;STR-BCN;Iberian Peninsula;;172;6336
09.04.2023EW2520;STR-BCN;Iberian Peninsula;;172;6336
09.04.2023EW2524;STR-BCN;Iberian Peninsula;;172;6400
12.04.2023EW2528;STR-BCN;Iberian Peninsula;;172;6592
12.04.2023EW2520;STR-BCN;Iberian Peninsula;;172;6528
06.04.2023EW2528;STR-BCN;Iberian Peninsula;;172;6016
23.04.2019EW2528;STR-BCN;Iberian Peninsula;;172;6080
21.04.2019EW2520;STR-BCN;Iberian Peninsula;;172;6656
24.04.2019EW2520;STR-BCN;Iberian Peninsula;;172;6336
23.04.2019EW2520;STR-BCN;Iberian Peninsula;;172;6336
24.04.2019EW2528;STR-BCN;Iberian Peninsula;;172;6208
18.04.2019EW2520;STR-BCN;Iberian Peninsula;;172;6208
22.04.2019EW2528;STR-BCN;Iberian Peninsula;;172;6272
22.04.2019EW2520;STR-BCN;Iberian Peninsula;;172;6016
20.04.2019EW2528;STR-BCN;Iberian Peninsula;;172;6336
19.04.2019EW2528;STR-BCN;Iberian Peninsula;;172;6464
19.04.2019EW2520;STR-BCN;Iberian Peninsula;;172;6528
18.04.2019EW2528;STR-BCN;Iberian Peninsula;;172;6528
10.04.2023EW2516;STR-BIO;Iberian Peninsula;;172;6272
07.04.2023EW2516;STR-BIO;Iberian Peninsula;;172;6272
19.04.2019EW2516;STR-BIO;Iberian Peninsula;;172;6400
22.04.2019EW2516;STR-BIO;Iberian Peninsula;;172;6656
24.04.2019EW2516;STR-BIO;Iberian Peninsula;;172;5952
21.04.2019EW2516;STR-BIO;Iberian Peninsula;;172;6272
09.04.2023EW2530;STR-VLC;Iberian Peninsula;;172;6656
10.04.2023EW2530;STR-VLC;Iberian Peninsula;;172;6144
12.04.2023EW2530;STR-VLC;Iberian Peninsula;;172;6400
07.04.2023EW2530;STR-VLC;Iberian Peninsula;;172;6144
19.04.2019EW2530;STR-VLC;Iberian Peninsula;;172;5952
24.04.2019EW2530;STR-VLC;Iberian Peninsula;;172;6080
22.04.2019EW2530;STR-VLC;Iberian Peninsula;;172;6144
21.04.2019EW2530;STR-VLC;Iberian Peninsula;;172;6592
10.04.2023EW9539;VLC-DUS;Iberian Peninsula;;172;6592
11.04.2023EW9539;VLC-DUS;Iberian Peninsula;;172;6464
08.04.2023EW9539;VLC-DUS;Iberian Peninsula;;172;6528
06.04.2023EW9539;VLC-DUS;Iberian Peninsula;;172;6848
09.04.2023EW9539;VLC-DUS;Iberian Peninsula;;172;6528
07.04.2023EW9539;VLC-DUS;Iberian Peninsula;;172;6336
12.04.2023EW9539;VLC-DUS;Iberian Peninsula;;172;6784
22.04.2019EW9539;VLC-DUS;Iberian Peninsula;;172;6080
19.04.2019EW9539;VLC-DUS;Iberian Peninsula;;172;6272
23.04.2019EW9539;VLC-DUS;Iberian Peninsula;;172;6528
20.04.2019EW9539;VLC-DUS;Iberian Peninsula;;172;6144
21.04.2019EW9539;VLC-DUS;Iberian Peninsula;;172;6592
18.04.2019EW9539;VLC-DUS;Iberian Peninsula;;172;6080
24.04.2019EW9539;VLC-DUS;Iberian Peninsula;;172;6336
08.04.2023EW7531;VLC-HAM;Iberian Peninsula;;172;6720
11.04.2023EW7531;VLC-HAM;Iberian Peninsula;;172;6272
12.04.2023EW2531;VLC-STR;Iberian Peninsula;;172;6336
10.04.2023EW2531;VLC-STR;Iberian Peninsula;;172;6464
09.04.2023EW2531;VLC-STR;Iberian Peninsula;;172;6464
07.04.2023EW2531;VLC-STR;Iberian Peninsula;;172;6784
22.04.2019EW2531;VLC-STR;Iberian Peninsula;;172;6144
21.04.2019EW2531;VLC-STR;Iberian Peninsula;;172;6720
19.04.2019EW2531;VLC-STR;Iberian Peninsula;;172;6656
24.04.2019EW2531;VLC-STR;Iberian Peninsula;;172;6208
21.04.2019EW575;XRY-CGN;Iberian Peninsula;;172;6720
09.04.2023EW9571;XRY-DUS;Iberian Peninsula;;172;6592
12.04.2023EW9571;XRY-DUS;Iberian Peninsula;;172;6464
19.04.2019EW9571;XRY-DUS;Iberian Peninsula;;172;6400
21.04.2019EW9571;XRY-DUS;Iberian Peninsula;;172;5952
23.04.2019EW9571;XRY-DUS;Iberian Peninsula;;172;6400
